{"mean":{"confidence_interval":{"confidence_level":0.95,"lower_bound":0.019709045314197975,"upper_bound":0.20908561840772477},"point_estimate":0.10817663094440277,"standard_error":0.04736594820390289},"median":{"confidence_interval":{"confidence_level":0.95,"lower_bound":-0.11571224866714913,"upper_bound":0.08632034347676965},"point_estimate":-0.08262460033855246,"standard_error":0.0459145901271705}}