{"mean":{"confidence_interval":{"confidence_level":0.95,"lower_bound":0.031475938235462166,"upper_bound":0.06561723556767719},"point_estimate":0.04892592646458249,"standard_error":0.008704482342520359},"median":{"confidence_interval":{"confidence_level":0.95,"lower_bound":0.0224212648584019,"upper_bound":0.06295657911892416},"point_estimate":0.03814634330746558,"standard_error":0.010504292472227566}}